date,btc_close,btc_volume,fear_greed_value,fear_greed_label,btc_daily_return,positive_return,is_greed
2025-04-03,83213.09,27337.84135,25,Extreme Fear,0.008444393222235336,1,0
2025-04-04,83889.87,32915.53976,28,Fear,0.00813309540602325,1,0
2025-04-05,83537.99,9360.40468,30,Fear,-0.004194546969735313,0,0
2025-04-06,78430.0,27942.71436,34,Fear,-0.061145713465215135,0,0
2025-04-07,79163.24,78387.53089,23,Extreme Fear,0.009348973607038236,1,0
2025-04-08,76322.42,35317.32063,24,Extreme Fear,-0.03588559538492875,0,0
2025-04-09,82615.22,75488.28772,18,Extreme Fear,0.0824502158081466,1,0
2025-04-10,79607.3,33284.80718,39,Fear,-0.036408787630172745,0,0
2025-04-11,83423.84,34435.43797,25,Extreme Fear,0.047942085713244875,1,0
2025-04-12,85276.9,18470.74437,43,Fear,0.022212595344448305,1,0
2025-04-13,83760.0,24680.04181,45,Fear,-0.017787935537056265,0,0
2025-04-14,84591.58,28659.09348,31,Fear,0.009928127984718316,1,0
2025-04-15,83643.99,20910.99528,38,Fear,-0.011201942320973268,0,0
2025-04-16,84030.38,20867.24519,29,Fear,0.004619459210398746,1,0
2025-04-17,84947.91,13728.84772,30,Fear,0.010919027142326287,1,0
2025-04-18,84474.69,6529.96315,33,Fear,-0.005570707978571843,0,0
2025-04-19,85077.01,9666.58153,32,Fear,0.007130183016948566,1,0
2025-04-20,85179.24,8091.67725,37,Fear,0.0012016172171542827,1,0
2025-04-21,87516.23,31773.37262,39,Fear,0.02743614523914495,1,0
2025-04-22,93442.99,43872.74705,47,Neutral,0.0677218385664009,1,0
2025-04-23,93691.08,27404.16808,72,Greed,0.0026549878166355345,1,1
2025-04-24,93980.47,19497.06071,63,Greed,0.0030887678955136,1,1
2025-04-25,94638.68,27500.66648,60,Greed,0.007003689170739236,1,1
2025-04-26,94628.0,9415.06875,65,Greed,-0.0001128502637609552,0,1
2025-04-27,93749.3,11162.841,61,Greed,-0.009285835059390402,0,1
2025-04-28,95011.18,22157.53351,54,Neutral,0.013460153835815225,1,0
2025-04-29,94256.82,16955.3402,60,Greed,-0.007939697201950202,0,1
2025-04-30,94172.0,17661.2751,56,Greed,-0.0008998818334843284,0,1
2025-05-01,96489.91,21380.45343,53,Neutral,0.024613579407891883,1,0
2025-05-02,96887.14,14905.74811,67,Greed,0.004116803508263045,1,1
2025-05-03,95856.42,9723.34838,65,Greed,-0.010638357164841517,0,1
2025-05-04,94277.62,11036.38342,64,Greed,-0.016470466975503584,0,1
2025-05-05,94733.68,17251.18189,52,Neutral,0.0048374152847727725,1,0
2025-05-06,96834.02,16122.64513,59,Greed,0.022170995574119168,1,1
2025-05-07,97030.5,16644.83854,67,Greed,0.0020290389679165077,1,1
2025-05-08,103261.6,34962.02847,65,Greed,0.06421795208723036,1,1
2025-05-09,102971.99,27617.39907,73,Greed,-0.002804624371499198,0,1
2025-05-10,104809.53,15324.78611,70,Greed,0.017845046988020696,1,1
2025-05-11,104118.0,17987.12197,70,Greed,-0.006597968715249425,0,1
2025-05-12,102791.32,31272.77792,70,Greed,-0.01274208110028996,0,1
2025-05-13,104103.72,21253.42409,70,Greed,0.012767615008738131,1,1
2025-05-14,103507.82,16452.9081,73,Greed,-0.005724099004339123,0,1
2025-05-15,103763.71,17998.98604,70,Greed,0.0024721803627976158,1,1
2025-05-16,103463.9,15683.88024,71,Greed,-0.002889353127408567,0,1
2025-05-17,103126.65,11250.89622,74,Greed,-0.00325959102643536,0,1
2025-05-18,106454.26,21599.98726,74,Greed,0.0322672170578604,1,1
2025-05-19,105573.74,30260.03524,74,Greed,-0.008271345834351629,0,1
2025-05-20,106849.99,23705.48275,71,Greed,0.012088706907607882,1,1
2025-05-21,109643.99,45531.040345,70,Greed,0.02614880918566298,1,1
2025-05-22,111696.21,31630.77313,72,Greed,0.018717122570968137,1,1
2025-05-23,107318.3,31737.72309,78,Extreme Greed,-0.03919479452346686,0,0
2025-05-24,107761.91,16782.53129,66,Greed,0.004133591381898505,1,1
2025-05-25,109004.19,17710.04695,74,Greed,0.011528006509906819,1,1
2025-05-26,109434.79,14649.11593,73,Greed,0.003950306864350717,1,1
2025-05-27,108938.17,21276.65635,74,Greed,-0.004538044985511469,0,1
2025-05-28,107781.78,15633.78829,71,Greed,-0.010615103962183348,0,1
2025-05-29,105589.75,19834.70116,74,Greed,-0.02033766746104948,0,1
2025-05-30,103985.48,23706.49799,60,Greed,-0.015193425498213675,0,1
2025-05-31,104591.88,11289.35922,50,Neutral,0.005831583409529939,1,0
2025-06-01,105642.93,9709.70006,56,Greed,0.0100490592577549,1,1
2025-06-02,105857.99,13453.98813,64,Greed,0.0020357254385126033,1,1
2025-06-03,105376.89,13259.52634,64,Greed,-0.004544767948078454,0,1
2025-06-04,104696.86,14034.89482,62,Greed,-0.00645331248625769,0,1
2025-06-05,101508.68,22321.50154,57,Greed,-0.030451534076571196,0,1
2025-06-06,104288.44,15839.07385,45,Fear,0.027384456186406947,1,0
2025-06-07,105552.15,8344.93206,52,Neutral,0.012117450409652175,1,0
2025-06-08,105734.0,8048.06305,62,Greed,0.0017228450581063814,1,1
2025-06-09,110263.02,19975.37451,62,Greed,0.042834093101556725,1,1
2025-06-10,110274.39,17071.82839,71,Greed,0.00010311707406529536,1,1
2025-06-11,108645.12,13115.91638,72,Greed,-0.014774690660270262,0,1
2025-06-12,105671.73,17778.67218,71,Greed,-0.027367911232460296,0,1
2025-06-13,106066.59,26180.81734,61,Greed,0.003736666372359032,1,1
2025-06-14,105414.64,8798.93969,63,Greed,-0.0061466103511010894,0,1
2025-06-15,105594.01,7164.20047,60,Greed,0.0017015663099546607,1,1
2025-06-16,106794.53,14922.6654,61,Greed,0.011369205507016922,1,1
2025-06-17,104551.17,17866.33025,68,Greed,-0.02100631933114927,0,1
2025-06-18,104886.78,13968.64167,52,Neutral,0.0032100071190022117,1,0
2025-06-19,104658.59,7678.60737,57,Greed,-0.002175583996381625,0,1
2025-06-20,103297.99,16419.06283,54,Neutral,-0.013000366238452021,0,0
2025-06-21,102120.01,11154.21332,49,Neutral,-0.011403706887229914,0,0
2025-06-22,100963.87,28746.41072,42,Fear,-0.01132138549535977,0,0
2025-06-23,105333.93,27666.50609,47,Neutral,0.043283404251441615,1,0
2025-06-24,106083.0,14651.69335,65,Greed,0.007111383767794521,1,1
2025-06-25,107340.58,16701.15551,66,Greed,0.01185467982617383,1,1
2025-06-26,106947.06,10573.27279,74,Greed,-0.0036660878858676416,0,1
2025-06-27,107047.59,12232.44042,65,Greed,0.0009399977895605538,1,1
2025-06-28,107296.79,3282.17352,65,Greed,0.002327936574751499,1,1
2025-06-29,108356.93,6831.7364,68,Greed,0.009880444699230884,1,1
2025-06-30,107146.5,9754.12491,66,Greed,-0.011170766835125301,0,1
2025-07-01,105681.14,10505.62437,64,Greed,-0.013676228341569674,0,1
2025-07-02,108849.6,17691.89592,63,Greed,0.02998131927797143,1,1
2025-07-03,109584.78,13047.08225,73,Greed,0.006754090047184302,1,1
2025-07-04,107984.24,11793.86615,73,Greed,-0.014605495398174795,0,1
2025-07-05,108198.12,3736.9757,67,Greed,0.001980659399927198,1,1
2025-07-06,109203.84,6447.607,66,Greed,0.009295170747883663,1,1
2025-07-07,108262.94,9405.37601,73,Greed,-0.00861599738617247,0,1
2025-07-08,108922.98,9216.0208,65,Greed,0.006096638424931022,1,1
2025-07-09,111233.99,17282.2865,66,Greed,0.02121691859697572,1,1
2025-07-10,116010.0,24883.450665,71,Greed,0.04293660597808269,1,1
2025-07-11,117527.66,25873.521148,71,Greed,0.013082148090681978,1,1
2025-07-12,117420.0,8446.60437,79,Extreme Greed,-0.000916039679510372,0,0
2025-07-13,119086.64,9550.792947,74,Greed,0.014193834099812674,1,1
2025-07-14,119841.18,27269.348877,74,Greed,0.006336059191862198,1,1
2025-07-15,117758.09,32018.46083,73,Greed,-0.01738208852749945,0,1
2025-07-16,118630.43,17039.90851,70,Greed,0.007407898684498093,1,1
2025-07-17,119177.56,15728.57651,74,Greed,0.004612054428193568,1,1
2025-07-18,117924.84,19924.66266,73,Greed,-0.010511374792368633,0,1
2025-07-19,117840.0,6635.80306,74,Greed,-0.0007194412983727583,0,1
2025-07-20,117265.12,12962.92889,72,Greed,-0.004878479293957905,0,1
2025-07-21,117380.36,17107.33128,71,Greed,0.00098273041463659,1,1
2025-07-22,119954.42,20959.12973,72,Greed,0.02192922223104432,1,1
2025-07-23,118755.99,14558.75083,74,Greed,-0.009990711471907332,0,1
2025-07-24,118340.99,15806.89043,71,Greed,-0.0034945605691132364,0,1
2025-07-25,117614.31,38406.34873,70,Greed,-0.0061405604262733116,0,1
2025-07-26,117919.99,6991.67206,72,Greed,0.0025990034716014687,1,1
2025-07-27,119415.55,9328.30919,73,Greed,0.01268283689644134,1,1
2025-07-28,118062.32,13961.74754,75,Greed,-0.011332108758030257,0,1
2025-07-29,117950.76,15137.93445,73,Greed,-0.0009449246804570377,0,1
2025-07-30,117840.3,15586.73631,74,Greed,-0.000936492482117024,0,1
2025-07-31,115764.08,17010.0073,72,Greed,-0.017618930026484958,0,1
2025-08-01,113297.93,24487.10206,65,Greed,-0.021303240176054672,0,1
2025-08-02,112546.35,11507.33428,55,Greed,-0.00663366047376146,0,1
2025-08-03,114208.8,7397.76046,53,Neutral,0.014771247579330682,1,0
2025-08-04,115055.03,9667.67916,64,Greed,0.00740949909288946,1,1
2025-08-05,114129.75,12042.79078,60,Greed,-0.008042064740672372,0,1
2025-08-06,114992.27,9761.15318,54,Neutral,0.007557363439418818,1,0
2025-08-07,117472.01,13468.56263,62,Greed,0.021564406024856986,1,1
2025-08-08,116674.74,10045.31278,74,Greed,-0.006786893320374743,0,1
2025-08-09,116462.25,9514.13144,67,Greed,-0.0018212168289383213,0,1
2025-08-10,119294.01,14322.77073,69,Greed,0.024314831629991707,1,1
2025-08-11,118686.0,26494.33429,70,Greed,-0.005096735368355865,0,1
2025-08-12,120134.08,16720.10893,68,Greed,0.012200933555769122,1,1
2025-08-13,123306.43,23210.07102,73,Greed,0.02640674486373884,1,1
2025-08-14,118295.09,27980.947586,75,Greed,-0.0406413517932519,0,1
2025-08-15,117342.05,13623.33874,60,Greed,-0.008056462867562786,0,1
2025-08-16,117380.66,6393.68117,56,Greed,0.00032903805583761603,1,1
2025-08-17,117405.01,5898.64192,64,Greed,0.0002074447357851561,1,1
2025-08-18,116227.05,17745.93954,60,Greed,-0.010033302667407429,0,1
2025-08-19,112872.94,18065.47424,56,Greed,-0.028858256318128994,0,1
2025-08-20,114271.24,15636.34194,44,Fear,0.012388265956393196,1,0
2025-08-21,112500.0,10839.69235,50,Neutral,-0.01550031311465605,0,0
2025-08-22,116935.99,23128.09037,50,Neutral,0.03943102222222228,1,0
2025-08-23,115438.05,11329.36197,60,Greed,-0.012809914210329953,0,1
2025-08-24,113493.59,21175.98462,53,Neutral,-0.01684418612407268,0,0
2025-08-25,110111.98,25182.79379,47,Neutral,-0.029795603434519924,0,0
2025-08-26,111763.22,18452.43877,48,Neutral,0.01499600679235824,1,0
2025-08-27,111262.01,13392.60875,51,Neutral,-0.004484570147495814,0,0
2025-08-28,112566.9,11104.27744,48,Neutral,0.011728082208833035,1,0
2025-08-29,108377.4,22580.31045,50,Neutral,-0.03721786777462999,0,0
2025-08-30,108816.33,10708.39159,39,Fear,0.004050014117334522,1,0
2025-08-31,108246.35,9489.51596,48,Neutral,-0.005238000583184466,0,0
2025-09-01,109237.42,16053.60219,46,Fear,0.009155689776144893,1,0
2025-09-02,111240.01,18510.28756,49,Neutral,0.018332454208457083,1,0
2025-09-03,111705.71,11773.72084,55,Greed,0.004186443348935365,1,1
2025-09-04,110730.87,12203.13536,51,Neutral,-0.008726859173089796,0,0
2025-09-05,110659.99,21587.40888,48,Neutral,-0.0006401105671796081,0,0
2025-09-06,110187.97,5000.29897,48,Neutral,-0.004265498307021387,0,0
2025-09-07,111137.34,5681.29944,44,Fear,0.008615913334277803,1,0
2025-09-08,112065.23,11582.40211,51,Neutral,0.008349039125823854,1,0
2025-09-09,111546.39,15379.28248,48,Neutral,-0.0046298035528057335,0,0
2025-09-10,113960.0,17517.41823,49,Neutral,0.02163772399985331,1,0
2025-09-11,115482.69,13676.73119,54,Neutral,0.013361618111618068,1,0
2025-09-12,116029.42,15324.10719,57,Greed,0.004734302604139096,1,1
2025-09-13,115918.29,8269.40394,52,Neutral,-0.0009577743299932218,0,0
2025-09-14,115268.01,6707.60197,55,Greed,-0.005609813602322822,0,1
2025-09-15,115349.71,13212.51149,53,Neutral,0.000708782948538822,1,0
2025-09-16,116788.96,10926.9094,52,Neutral,0.012477274541912609,1,0
2025-09-17,116447.59,16754.2454,53,Neutral,-0.0029229646363835293,0,0
2025-09-18,117073.53,11657.23365,52,Neutral,0.005375293726559649,1,0
2025-09-19,115632.38,8992.09065,53,Neutral,-0.01230978514101344,0,0
2025-09-20,115685.63,4674.92752,48,Neutral,0.0004605111474831336,1,0
2025-09-21,115232.29,4511.52219,49,Neutral,-0.003918723526854739,0,0
2025-09-22,112650.99,20781.71356,45,Fear,-0.022400839209218093,0,0
2025-09-23,111998.8,12301.3203,43,Fear,-0.005789474198140687,0,0
2025-09-24,113307.0,12369.25967,44,Fear,0.011680482290881589,1,0
2025-09-25,108994.49,21231.14957,44,Fear,-0.03806040226993912,0,0
2025-09-26,109643.46,14243.01591,28,Fear,0.0059541541962351285,1,0
2025-09-27,109635.85,5501.78643,33,Fear,-6.940678449951498e-05,0,0
2025-09-28,112163.95,7542.3316,37,Fear,0.02305906325348861,1,0
2025-09-29,114311.96,15541.12005,50,Neutral,0.01915062727373651,1,0
2025-09-30,114048.93,15044.15633,50,Neutral,-0.002300984079006363,0,0
2025-10-01,118594.99,20036.39516,49,Neutral,0.03986061070454605,1,0
2025-10-02,120529.35,19670.83503,64,Greed,0.01631063841735636,1,1
2025-10-03,122232.0,23936.328,63,Greed,0.014126434764644369,1,1
2025-10-04,122391.0,8208.16678,71,Greed,0.0013008050265068682,1,1
2025-10-05,123482.31,22043.097553,74,Greed,0.008916587003946264,1,1
2025-10-06,124658.54,19494.628793,71,Greed,0.009525493975614863,1,1
2025-10-07,121332.95,21633.99385,70,Greed,-0.02667759465175834,0,1
2025-10-08,123306.0,17012.618,60,Greed,0.016261452474369165,1,1
2025-10-09,121662.4,21559.36007,70,Greed,-0.013329440578722873,0,1
2025-10-10,112774.5,64171.93927,64,Greed,-0.07305379476321361,0,1
2025-10-11,110644.4,35448.51652,27,Fear,-0.01888813517240162,0,0
2025-10-12,114958.8,32255.30272,24,Extreme Fear,0.03899338782622541,1,0
2025-10-13,115166.0,22557.24033,38,Fear,0.0018023848543999854,1,0
2025-10-14,113028.14,31870.32974,38,Fear,-0.018563291249153346,0,0
2025-10-15,110763.28,22986.48811,34,Fear,-0.020038018850880857,0,0
2025-10-16,108194.28,29857.17252,28,Fear,-0.023193607123227156,0,0
2025-10-17,106431.68,37920.66838,22,Extreme Fear,-0.016291064555353674,0,0
2025-10-18,107185.01,11123.18766,23,Extreme Fear,0.007078061719969053,1,0
2025-10-19,108642.78,15480.66423,29,Fear,0.01360050253295686,1,0
2025-10-20,110532.09,19193.4416,29,Fear,0.017390110967337113,1,0
2025-10-21,108297.67,37228.01659,34,Fear,-0.0202151248565009,0,0
2025-10-22,107567.44,28610.78451,25,Extreme Fear,-0.006742804346575482,0,0
2025-10-23,110078.18,17573.09294,27,Fear,0.02334107793213258,1,0
2025-10-24,111004.89,15005.16913,30,Fear,0.008418652997351561,1,0
2025-10-25,111646.27,6407.96864,37,Fear,0.005777943656356088,1,0
2025-10-26,114559.4,13454.47737,40,Fear,0.026092497313165763,1,0
2025-10-27,114107.65,21450.23241,51,Neutral,-0.0039433691168074825,0,0
2025-10-28,112898.45,15523.42257,50,Neutral,-0.010597010805147522,0,0
2025-10-29,110021.29,21079.71376,51,Neutral,-0.02548449513700146,0,0
2025-10-30,108322.88,25988.82838,34,Fear,-0.015437103127948992,0,0
2025-10-31,109608.01,21518.20439,29,Fear,0.011863883235009975,1,0
2025-11-01,110098.1,7378.50431,33,Fear,0.004471297307560018,1,0
2025-11-02,110540.68,12107.00087,37,Fear,0.004019869552698729,1,0
2025-11-03,106583.04,28681.18779,42,Fear,-0.03580256607793619,0,0
2025-11-04,101497.22,50534.87376,21,Extreme Fear,-0.04771697260652341,0,0
2025-11-05,103885.16,33778.77571,23,Extreme Fear,0.023527146851904046,1,0
2025-11-06,101346.04,25814.62139,27,Fear,-0.024441604556416086,0,0
2025-11-07,103339.08,32059.50942,24,Extreme Fear,0.01966569192047385,1,0
2025-11-08,102312.94,12390.77985,20,Extreme Fear,-0.009929834869828569,0,0
2025-11-09,104722.96,16338.97096,22,Extreme Fear,0.023555378234659363,1,0
2025-11-10,106011.13,22682.25673,29,Fear,0.012300740926345144,1,0
2025-11-11,103058.99,24196.50718,26,Fear,-0.027847453375886122,0,0
2025-11-12,101654.37,20457.63906,24,Extreme Fear,-0.013629281637633106,0,0
2025-11-13,99692.02,36198.50771,15,Extreme Fear,-0.0193041381300183,0,0
2025-11-14,94594.0,47288.14481,16,Extreme Fear,-0.05113769386957956,0,0
2025-11-15,95596.24,15110.89391,10,Extreme Fear,0.010595175169672455,1,0
2025-11-16,94261.44,23889.4051,10,Extreme Fear,-0.013962892264381965,0,0
2025-11-17,92215.14,39218.59806,14,Extreme Fear,-0.02170877083991085,0,0
2025-11-18,92960.83,39835.14769,11,Extreme Fear,0.0080864161785148,1,0
2025-11-19,91554.96,32286.6376,15,Extreme Fear,-0.015123251373723723,0,0
2025-11-20,86637.23,39733.19073,11,Extreme Fear,-0.05371341978632305,0,0
2025-11-21,85129.43,72256.12679,14,Extreme Fear,-0.01740360350856096,0,0
2025-11-22,84739.74,14193.93263,11,Extreme Fear,-0.00457761786963673,0,0
2025-11-23,86830.0,19734.46418,13,Extreme Fear,0.02466682102163631,1,0
2025-11-24,88300.01,24663.12795,19,Extreme Fear,0.01692974778302414,1,0
2025-11-25,87369.96,19567.0411,20,Extreme Fear,-0.010532841389259029,0,0
2025-11-26,90484.02,21675.82239,15,Extreme Fear,0.035642227603171595,1,0
2025-11-27,91333.95,16833.50932,22,Extreme Fear,0.009393150304329856,1,0
2025-11-28,90890.7,18830.86012,25,Extreme Fear,-0.004853069422706469,0,0
2025-11-29,90802.44,7429.88291,28,Fear,-0.000971056444718732,0,0
2025-11-30,90360.0,9687.74175,28,Fear,-0.004872556288134988,0,0
2025-12-01,86286.01,34509.01227,24,Extreme Fear,-0.0450862107127048,0,0
2025-12-02,91277.88,28210.22732,23,Extreme Fear,0.05785259974357393,1,0
2025-12-03,93429.95,25712.52585,28,Fear,0.023577125147954625,1,0
2025-12-04,92078.06,19803.94059,26,Fear,-0.014469557138797606,0,0
2025-12-05,89330.04,19792.97218,28,Fear,-0.029844460232980596,0,0
2025-12-06,89236.79,8409.50016,23,Extreme Fear,-0.0010438817669845557,0,0
2025-12-07,90395.31,13021.11185,20,Extreme Fear,0.01298253780755676,1,0
2025-12-08,90634.34,15793.63887,20,Extreme Fear,0.0026442743544992098,1,0
2025-12-09,92678.8,21240.43014,22,Extreme Fear,0.022557233825501566,1,0
2025-12-10,92015.37,18998.68083,26,Fear,-0.007158379262571457,0,0
2025-12-11,92513.38,19972.58758,29,Fear,0.005412247975528528,1,0
2025-12-12,90268.42,16679.19169,29,Fear,-0.02426632774632176,0,0
2025-12-13,90240.01,5895.70788,23,Extreme Fear,-0.00031472800786813693,0,0
2025-12-14,88172.17,9416.94004,21,Extreme Fear,-0.022914891077693733,0,0
2025-12-15,86432.08,19778.6919,16,Extreme Fear,-0.019735138649757622,0,0
2025-12-16,87863.42,18456.05017,11,Extreme Fear,0.016560286412174774,1,0
2025-12-17,86243.22,19834.11729,16,Extreme Fear,-0.018439983328670806,0,0
2025-12-18,85516.41,25405.41763,17,Extreme Fear,-0.008427445079160933,0,0
2025-12-19,88136.94,21256.65004,16,Extreme Fear,0.03064359226492308,1,0
2025-12-20,88360.9,5123.13194,20,Extreme Fear,0.002541045786250251,1,0
2025-12-21,88658.86,7132.87258,20,Extreme Fear,0.003372079732098854,1,0
2025-12-22,88620.79,14673.2197,25,Extreme Fear,-0.00042939870871350205,0,0
2025-12-23,87486.0,13910.32904,24,Extreme Fear,-0.012805008847246668,0,0
2025-12-24,87669.45,9140.8432,24,Extreme Fear,0.002096906933680698,1,0
2025-12-25,87225.27,7096.58235,23,Extreme Fear,-0.00506653115766087,0,0
2025-12-26,87369.56,18344.61505,20,Extreme Fear,0.0016542224518192317,1,0
2025-12-27,87877.01,4469.55156,23,Extreme Fear,0.005808086935541468,1,0
2025-12-28,87952.71,4446.29285,24,Extreme Fear,0.0008614312207482211,1,0
2025-12-29,87237.13,19894.98575,24,Extreme Fear,-0.008135963064696994,0,0
2025-12-30,88485.49,13105.91001,23,Extreme Fear,0.014309961824741313,1,0
2025-12-31,87648.22,11558.62047,21,Extreme Fear,-0.009462229344042727,0,0
2026-01-01,88839.04,6279.57133,20,Extreme Fear,0.013586356916318376,1,0
2026-01-02,89995.13,17396.97301,28,Fear,0.013013310364452524,1,0
2026-01-03,90628.01,7057.46716,29,Fear,0.007032380529924165,1,0
2026-01-04,91529.73,10426.5297,25,Extreme Fear,0.00994968332637991,1,0
2026-01-05,93859.71,20673.59584,26,Fear,0.025455991184503812,1,0
2026-01-06,93747.97,18546.41829,44,Fear,-0.0011905001624232803,0,0
2026-01-07,91364.16,14276.49025,42,Fear,-0.02542785726453589,0,0
2026-01-08,91099.99,16132.79117,28,Fear,-0.0028913963637382523,0,0
2026-01-09,90641.28,15590.27939,27,Fear,-0.0050352365571061375,0,0
2026-01-10,90504.7,3104.11722,25,Extreme Fear,-0.0015068189681346489,0,0
2026-01-11,91013.65,5477.13594,29,Fear,0.005623464858730998,1,0
2026-01-12,91296.2,16188.08268,27,Fear,0.003104479383037706,1,0
2026-01-13,95414.0,23021.51482,26,Fear,0.04510373925749378,1,0
2026-01-14,96951.78,22851.89428,48,Neutral,0.01611692204498283,1,0
2026-01-15,95604.8,21725.81369,61,Greed,-0.013893298297359746,0,1
2026-01-16,95550.94,11167.7146,49,Neutral,-0.0005633608354392861,0,0
2026-01-17,95147.77,4280.80137,50,Neutral,-0.00421942473825998,0,0
2026-01-18,93673.14,6895.17819,49,Neutral,-0.015498313833314237,0,0
2026-01-19,92631.0,14295.52747,44,Fear,-0.011125280950334271,0,0
2026-01-20,88427.66,22007.3261,32,Fear,-0.045377249516900364,0,0
2026-01-21,89454.73,20617.50372,24,Extreme Fear,0.01161480468893994,1,0
2026-01-22,89559.67,10825.50492,20,Extreme Fear,0.0011731073359675381,1,0
2026-01-23,89600.26,13918.48919,24,Extreme Fear,0.0004532173912654702,1,0
2026-01-24,89225.34,4226.56737,25,Extreme Fear,-0.004184362857875601,0,0
2026-01-25,86670.36,14426.22019,25,Extreme Fear,-0.02863513885181046,0,0
2026-01-26,88347.08,17766.51453,20,Extreme Fear,0.019345944795891024,1,0
2026-01-27,89250.0,13125.40425,29,Fear,0.010220145363038613,1,0
2026-01-28,89299.99,14332.18502,29,Fear,0.0005601120448179842,1,0
2026-01-29,84650.16,30431.38201,26,Fear,-0.052069770668507376,0,0
2026-01-30,84260.49,35195.84793,16,Extreme Fear,-0.004603299036883057,0,0
2026-01-31,78741.09,39491.89133,20,Extreme Fear,-0.06550401024252306,0,0
2026-02-01,76968.21,25395.48168,14,Extreme Fear,-0.02251530935119128,0,0
2026-02-02,78738.61,42273.59016,14,Extreme Fear,0.023001704210088736,1,0
2026-02-03,75770.21,39120.10889,17,Extreme Fear,-0.03769942090671896,0,0
2026-02-04,73165.83,38375.36,14,Extreme Fear,-0.03437208369885747,0,0
2026-02-05,62909.86,106298.82899,12,Extreme Fear,-0.14017431361060217,0,0
2026-02-06,70580.26,92539.21531,9,Extreme Fear,0.12192683309102881,1,0
2026-02-07,69289.38,44255.48036,6,Extreme Fear,-0.01828953307907888,0,0
2026-02-08,70330.38,21420.53168,7,Extreme Fear,0.015023947392803993,1,0
2026-02-09,70138.0,29152.72842,14,Extreme Fear,-0.0027353755233514576,0,0
2026-02-10,68841.29,20373.77072,9,Extreme Fear,-0.01848798083777703,0,0
2026-02-11,67082.52,28718.24602,11,Extreme Fear,-0.025548184817570818,0,0
2026-02-12,66272.17,24271.74283,5,Extreme Fear,-0.01207989801217968,0,0
2026-02-13,68853.96,20244.54955,9,Extreme Fear,0.03895737833844892,1,0
2026-02-14,69822.95,18114.78393,9,Extreme Fear,0.014073119396473155,1,0
2026-02-15,68832.58,22290.05208,8,Extreme Fear,-0.014184018291979905,0,0
2026-02-16,68892.43,15515.76534,12,Extreme Fear,0.0008695010415125104,1,0
2026-02-17,67503.52,16489.06921,10,Extreme Fear,-0.02016056045635184,0,0
2026-02-18,66461.0,15492.43839,8,Extreme Fear,-0.015443935368111283,0,0
2026-02-19,67003.73,14542.26988,9,Extreme Fear,0.008166142549765887,1,0
2026-02-20,68020.01,35351.87091,7,Extreme Fear,0.01516751380855963,1,0
2026-02-21,67975.93,8032.84131,8,Extreme Fear,-0.0006480445974648141,0,0
2026-02-22,67643.4,8175.13484,9,Extreme Fear,-0.004891878639983305,0,0
2026-02-23,64656.02,33075.90923,5,Extreme Fear,-0.04416365824308055,0,0
2026-02-24,64058.15,23102.83622,8,Extreme Fear,-0.009246934778849636,0,0
2026-02-25,67988.04,30749.99259,11,Extreme Fear,0.06134879012272432,1,0
2026-02-26,67485.18,20737.77792,11,Extreme Fear,-0.007396300878801609,0,0
2026-02-27,65872.1,21228.58424,13,Extreme Fear,-0.023902729458526895,0,0
2026-02-28,66973.26,22548.71649,11,Extreme Fear,0.016716637240956178,1,0
2026-03-01,65776.47,23201.85859,14,Extreme Fear,-0.01786966917841526,0,0
2026-03-02,68830.06,32010.38431,10,Extreme Fear,0.04642374393153048,1,0
2026-03-03,68338.0,24972.2418,14,Extreme Fear,-0.007148911391331003,0,0
2026-03-04,72666.77,44919.0761,10,Extreme Fear,0.06334352775907992,1,0
2026-03-05,70890.72,26590.51253,22,Extreme Fear,-0.02444102029029227,0,0
2026-03-06,68114.02,22629.88722,18,Extreme Fear,-0.0391687374595715,0,0
2026-03-07,67262.91,12719.54315,12,Extreme Fear,-0.012495371731106153,0,0
2026-03-08,65971.2,21593.63901,12,Extreme Fear,-0.01920389706600567,0,0
2026-03-09,68432.16,28896.7213,8,Extreme Fear,0.03730355064027946,1,0
2026-03-10,69948.63,32602.57726,13,Extreme Fear,0.022160194855752158,1,0
2026-03-11,70191.86,27249.27542,15,Extreme Fear,0.0034772661022810514,1,0
2026-03-12,70541.34,21997.1605,18,Extreme Fear,0.0049789249066771735,1,0
2026-03-13,70930.0,35996.61678,15,Extreme Fear,0.005509677020595349,1,0
2026-03-14,71211.95,13017.24737,16,Extreme Fear,0.0039750458198222205,1,0
2026-03-15,72815.24,14037.30704,15,Extreme Fear,0.022514339236602954,1,0
2026-03-16,74884.67,28409.53019,23,Extreme Fear,0.028420286742171008,1,0
2026-03-17,73909.36,24521.26636,28,Fear,-0.013024161019872249,0,0
2026-03-18,71246.54,23392.88093,26,Fear,-0.03602818371042593,0,0
2026-03-19,69930.0,22364.81819,23,Extreme Fear,-0.018478651735228002,0,0
2026-03-20,70510.73,18121.16745,11,Extreme Fear,0.008304447304447349,1,0
2026-03-21,68918.12,13397.1675,12,Extreme Fear,-0.022586775090826627,0,0
2026-03-22,67859.0,14843.78682,10,Extreme Fear,-0.015367801675379322,0,0
2026-03-23,70906.45,28335.09119,8,Extreme Fear,0.044908560397294295,1,0
2026-03-24,70556.74,20702.42244,11,Extreme Fear,-0.004931991377371103,0,0
2026-03-25,71336.53,17719.50066,14,Extreme Fear,0.011051956198656399,1,0
2026-03-26,68820.31,20820.45768,10,Extreme Fear,-0.035272531478612756,0,0
2026-03-27,66407.28,28603.69557,13,Extreme Fear,-0.035062759816106626,0,0
2026-03-28,66377.03,11462.39847,12,Extreme Fear,-0.00045552234634516076,0,0
2026-03-29,66010.93,10052.85584,9,Extreme Fear,-0.00551546220130672,0,0
2026-03-30,66797.37,18353.38975,8,Extreme Fear,0.01191378458082637,1,0
2026-03-31,68284.48,22105.40662,11,Extreme Fear,0.022263002270897836,1,0
2026-04-01,68238.92,18427.51229,8,Extreme Fear,-0.0006672087127265192,0,0
